,date,username,text,retweets numbers,geo
0,2017-11-30 08:59:18,WesternMAnews,UMass holding large-scale Meningitis vaccination for students http:// wwlp.com/2017/11/29/uma ss-holding-large-scale-meningitis-vaccination-for-students/ …,0,
1,2017-11-30 08:57:57,mtnhealthcare,Meningitis Outbreak Declared At UMass Amherst - WBUR https:// goo.gl/fb/kw53b6,0,
2,2017-11-30 08:57:56,Bronxvoice1,Meningitis Outbreak Declared At UMass Amherst https:// goo.gl/fb/87DMNo,0,
3,2017-11-30 08:57:49,mtnhealthcare,Meningitis Outbreak Declared At UMass Amherst - WBUR https:// goo.gl/fb/cWtYUi,0,
4,2017-11-30 08:55:36,mediat_health,Meningitis Outbreak Declared At UMass Amherst: - Meningitis Outbreak Declared At UMass Amherst WBUR… https:// goo.gl/fb/b7FnNz #Health US,0,
5,2017-11-30 08:54:45,guymetropolis,#Massachusetts . #Meningitis #outbreak declared at #UMass #Amherst http://www. wcvb.com/article/mening itis-outbreak-declared-at-umass-amherst/13970497 …,0,
6,2017-11-30 08:54:26,AmandaThienTu,Meningitis Outbreak Declared At UMass Amherst - WBUR https:// goo.gl/fb/9J2aDE,0,
7,2017-11-30 08:54:20,AmandaThienTu,Meningitis Outbreak Declared At UMass Amherst - WBUR https:// goo.gl/fb/UsTR6e,0,
8,2017-11-30 08:51:32,pharma_global,Meningitis Outbreak Declared At UMass Amherst - WBUR https:// goo.gl/fb/mVRHff,0,
9,2017-11-30 08:50:03,outbreaksnews,Meningitis Outbreak Declared At UMass Amherst - WBUR - http:// outbreak.info/meningitis-out break-declared-at-umass-amherst-wbur/ …,0,
10,2017-11-30 08:45:49,WWLP22News,UMass holding large-scale Meningitis vaccination for students https:// wp.me/p4ySuR-39nc,1,
11,2017-11-30 08:36:08,Fededepompeis,Brave meningitis baby opens eyes for first time after fourth limb amputated http://www. mirror.co.uk/news/uk-news/b rave-baby-worst-case-meningitis-11573559 …,5,
12,2017-11-30 08:32:38,mcalel964,Bowser Junior Gets West Nile Virus and Spinal Meningitis,0,
13,2017-11-30 08:32:22,Mikem268,I got like meningitis,0,
14,2017-11-30 08:32:19,GMoney_95,@OregonState I just tried to get my Meningitis shot and the health worker told me I'd have to pay $235 Excellent job managing a public health crisis It was FREE for all students at UO,0,
15,2017-11-30 08:30:45,carpe_diem0820,英国で髄膜炎菌B型の感染症による10歳代2名の死亡 髄膜炎菌B型ワクチンは昨年定期接種化が見送られた Jeremy Hunt 'sorry' for meningitis fail http://www. bbc.com/news/uk-englan d-bristol-42156479 … pic.twitter.com/oVRW8X5or4,0,
16,2017-11-30 08:30:18,LivingatUMass,"All UMass Amherst undergrads are strongly encouraged to get a Meningitis B vaccine at one of four walk-in clinics beginning tomorrow, Nov. 30. pic.twitter.com/pX0OnehvhV",0,
17,2017-11-30 08:27:05,TheHealthWeb,Meningitis Outbreak Declared At UMass Amherst - WBUR http:// dlvr.it/Q3Xmn4 #integrativehealth,0,
18,2017-11-30 08:05:11,CNS_UMass,"All @UMassAmherst undergrads are strongly encouraged to get a Meningitis B vaccine at one of four walk-in clinics beginning tomorrow, Nov. 30. Info: pic.twitter.com/QPw9N8Ar72",1,
19,2017-11-30 08:01:38,SOSEnfermero,Diagnóstico y Tratamiento Meningitis bacteriana aguda.pdf http:// fb.me/1mSfwDL3r,1,
20,2017-11-30 08:00:59,InsideIsenberg,University Health Services strongly recommends that UMass Amherst undergrads living on- and off-campus and grad students who live on-campus get a Meningitis vaccine at walk-in clinics through Dec. 5. Info: http:// umass.edu/meningitis pic.twitter.com/AQmlsEVGvL,0,
21,2017-11-30 08:00:57,JulioLo66887395,Por que soy igual a todos . con una secuela que me keso por una meningitis,0,
22,2017-11-30 08:00:30,fien_charlie,This Italian woman compares DS to Meningitis and then to AIDS! I swear you just can’t make this stuff up pic.twitter.com/5qpnuzcE0H,0,
23,2017-11-30 08:00:03,MDCollegian,"Meningitis outbreak declared on campus, but there’s no greater risk than before the determination, says UHS. http:// bit.ly/2iq4LGl",0,
24,2017-11-30 07:58:11,WesternMAnews,Newman Center at UMass making changes after meningitis outbreak http://www. westernmassnews.com/story/36956485 /newman-center-at-umass-making-changes-after-meningitis-outbreak …,0,
25,2017-11-30 07:52:41,MeathRight2Life,"If yr 3 month old baby became brain damaged following a bout of meningitis , how would you deal with the situation?",0,
26,2017-11-30 07:46:01,TiensOnlineShop,"Orang yang terjangkit Meningitis (Radang Selaput Otak) ada yg merasakan badannya selalu seperti posisi ""kayang""",0,
27,2017-11-30 07:42:14,Tribune_Health,UMass Amherst Just Declared a Meningitis Outbreak. Here's What to Know - TIME http:// bit.ly/2ka9Ymc,0,
28,2017-11-30 07:41:08,BitzHealth,UMass Amherst Just Declared a Meningitis Outbreak. Here's What to Know - TIME http:// ift.tt/2ByIfja,0,
29,2017-11-30 07:39:44,JLlewelynBowen,"I believe 100% that all young people should have the Meningitis B vaccine. Without doubt, herd immunity saves lives.",1,
30,2017-11-30 07:30:11,IsenbergUMass,"All UMass Amherst undergrads are strongly encouraged to get a Meningitis B vaccine at one of four walk-in clinics beginning tomorrow, Nov. 30. Info: http:// umass.edu/meningitis pic.twitter.com/ym4uS98XxQ",0,
31,2017-11-30 07:27:19,JanetKrahenbuhl,UMass Amherst Just Declared a Meningitis Outbreak. Here's What to Know - TIME http:// ift.tt/2inmbmX,0,
32,2017-11-30 07:20:42,seawitchspells,"Ephedra, Scapula Come winds of the Cosmonauts Sea Oryxes, carditis Et max meningitis Te reo to me",0,
33,2017-11-30 07:13:16,WesternMAnews,UMass preparing for large-scale meningitis vaccinations http://www. westernmassnews.com/story/36956042 /umass-preparing-for-large-scale-meningitis-vaccinations …,0,
34,2017-11-30 07:06:26,ellajaeh,"You can, yeah. I was actually getting the meningitis b vax because there was a fucking meningitis outbreak at Umass because this kid DIDNT GET THE SHOT",0,
35,2017-11-30 07:02:51,vodka_karenjina,meningitis dobijem od vaše kuknjave,0,
36,2017-11-30 07:02:30,BridgetAshmore,A major study in Brazil shows that the Meningococcinum nosode gives excellent protection against all the forms of meningitis . The 3 main types of bacterial meningitis in the U.S.: Meningococcal disease (Neisseria meningitidis) Pneumococcal Disease (Streptococcus pneumoniae)...,0,
37,2017-11-30 06:56:50,BridgetAshmore,Re.: Meningitis ? That both bacterial(3 types)and viral? Prevention preferable due to time constraints(The Meningococcinum nosode is used for Homeoprophylaxis to prevent meningitis . That prescription only? That appears preferable for infants to be breast-fed for 1st 2-3 months?,0,
38,2017-11-30 06:53:25,HeckerSportsMed,UMass Amherst Just Declared a Meningitis Outbreak. Here’s What to Know https:// buff.ly/2inev47 pic.twitter.com/Rcq7Bvd3JA,0,
39,2017-11-30 06:53:24,mwsportsmed,UMass Amherst Just Declared a Meningitis Outbreak. Here’s What to Know http:// ti.me/2inJ2iw pic.twitter.com/3IVeJ38PQr,0,
40,2017-11-30 06:53:05,vinniemagnani,'Outbreak' of meningitis strain declared at UMass http:// fb.me/1IRhVPgp9,0,
41,2017-11-30 06:52:55,LostCastaway,"Menos mal que tuvimos clases de antibióticos porque si por mí fuera trataría todo con amoxi-clavulánico. -Pero es una meningitis ... -AMOXI-CLAVULÁNICO, DIJE.",0,
42,2017-11-30 06:45:19,Bibaising,Prima! Op de MKA zijn we door de Phantasi ook alert op de SIRS-criteria. Mag de Ceftriaxon dan ook meteen gegeven worden bij verdenking Meningitis ? Scheelt weer MMT-inzet #durftevragen,0,
43,2017-11-30 06:34:55,UMass_larp,"All UMass Amherst undergrads, and grad students who live on-campus, are strongly encouraged to get a Meningitis B vaccine at one of four walk-in clinics beginning Nov. 30. Info: http:// umass.edu/meningitis pic.twitter.com/j1Nm4rJtHS",0,
44,2017-11-30 06:32:08,UMassPolicy,"All UMass Amherst undergrads, and grad students who live on-campus, are strongly encouraged to get a Meningitis B vaccine at one of four walk-in clinics beginning tomorrow, Nov. 30. Info: http:// umass.edu/meningitis pic.twitter.com/P70XnBNZrq",0,
45,2017-11-30 06:30:05,matamiguel_,Does anyone know where I can get a meningitis shot for school in town?,0,
46,2017-11-30 06:27:37,InfoMdpya,#Gesell : municipio reconoce un posible caso de #meningitis y varios de #tuberculosis - #Salud - #Regionales - @PrensaVGesell - @msalnacion - @SaludBAP - https://www. mdpya.com.ar/gesell-municip io-reconoce-un-posible-caso-de-meningitis-y-varios-de-tuberculosis/ … pic.twitter.com/TVJgs8Ihuc,0,
47,2017-11-30 06:24:33,kjenney0406,And I also got my meningitis shot today and can’t move my arm. FUCK TODAY MAN,0,
48,2017-11-30 06:20:27,legion501,"nuestro squad cierzo estará presente este Sábado día 2 en Zaragoza, en el mercadillo solidario organizado en el colegio Colegio Sagrada Familia con el fin de recaudar fondos para Paula, una niña de 5 años a la que tuvieron que amputarle una pierna a causa de una meningitis . pic.twitter.com/UZ2VvWfSCG",15,
49,2017-11-30 06:18:15,JoggingWorld,School declares a meningitis outbreak: Here's what to know http:// ift.tt/2AJcMOl pic.twitter.com/F55Jmm4adY,0,
50,2017-11-30 06:14:23,btinjah,Turut berdukacita untuk tmn gue anak kostum yg MGKN mninggal krn sakit meningitis :(,0,
51,2017-11-30 06:13:00,vuglobalhealth,VIGH Faculty Publication: Outcomes of #HIV positive patients with cryptoccal meningitis in the Americas | http:// bit.ly/2yd1cJD,0,
52,2017-11-30 06:08:58,Akasake_Pham,There are many cases of meningitis in our campus atm. Kinda scared.,0,
53,2017-11-30 06:08:35,UMassLibraries,University Health Services strongly recommends that UMass Amherst undergrads living on- and off-campus and grad students who live on-campus get a Meningitis B vaccine at walk-in clinics through Dec. 5. Info: http:// umass.edu/meningitis pic.twitter.com/PedunhJ38e,1,
54,2017-11-30 06:06:32,annerflynn,*At the health clinic* Front desk lady talking to random dude: “Have you gotten your meningitis shot yet?” Random dude: “What’s that for?” Lady: “... meningitis .” Me: pic.twitter.com/l2SD3DkPMK,0,
55,2017-11-30 06:04:09,RealFoodDr,UMass Amherst Just Declared a Meningitis Outbreak. Here’s What to Know https:// goo.gl/f1wv5n #realfood #health,0,
56,2017-11-30 05:49:27,DebJBates,Mine was after I had swine flu. My sister got it after having her meningitis needle at school,1,
57,2017-11-30 05:44:49,CHarrowson,So why is there not enough hospital beds? Why are toddlers with meningitis left to sleep on two chairs??,0,
58,2017-11-30 05:40:10,LS_HealthID,#UMass #Amherst announces #Meningitis outbreak on campus. #BostonGlobe : http:// ht.ly/FGWl30gSP6y,0,
59,2017-11-30 05:36:39,fvktaco,rmbr whn u had meningitis,1,
60,2017-11-30 05:33:04,MeningitisNow,Ruby raised over £600 for Meningitis Now with a sponsored hair cut and then donated the hair to the @LPTrustUK pic.twitter.com/LnXZjvlL3z,1,
61,2017-11-30 05:29:49,alexmaiaxx,Ok so we have FREE healthcare in the UK and people STILL DO NOT VACCINATE their stinky children. This is why meningitis is on the rise. Which kills people. Public service announcement ok thank u bye x please vaccinate them bye xx,0,
62,2017-11-30 05:23:11,GunterRae,Having a big twice-yearly deadline fall on the Friday of my first full week back to work after having meningitis has been...interesting. Purple Elf Needs Nap Badly.,0,
63,2017-11-30 05:19:32,WesternMAnews,Meningitis vaccination clinics to begin at UMass Thursday http:// wwlp.com/2017/11/29/men ingitis-vaccination-clinics-to-begin-at-umass-thursday/ …,0,
64,2017-11-30 05:15:12,GregoryYoungLaw,"Pain Clinic Can't Depose FDA In Meningitis Cases, Feds Say http:// ow.ly/ElDj30fbUk9",0,
65,2017-11-30 05:10:31,megzer02,In addition she wants to raise awareness of meningitis in children Megan was also informed that the child had the vaccine and unfortunately hadn’t so please please please can you make sure your children get vaccinated against any deadly diseases thank you for reading this.,0,
66,2017-11-30 05:09:09,megzer02,On behalf of Megan Jones I would like to inform you all that Megan‘s daughter Lily Grace sadly passed away overnight in hospital in New York we must stress that meningitis is still a massive deal and we hope that you respect her privacy as she goes back to the UK for a few weeks.,0,
67,2017-11-30 05:01:20,WWLP22News,Meningitis vaccination clinics to begin at UMass Thursday https:// wp.me/p4ySuR-39js,0,
68,2017-11-30 04:57:35,firexstydia,today two years ago I went to the hospital with meningitis and I went into a coma,0,
69,2017-11-30 04:47:00,Timothyhedspet1,Whenever I type me on my phone it autocorrects to meningitis #justumassthings,2,
70,2017-11-30 04:45:18,ayy_skyye,"Vaccinations have been proven effective. & I’m glad you and your siblings have been fine, but I also doubt any of you have been at risk of contracting these diseases. I’d rather vaccinate my kid than watch them die from meningitis in 24 hours. I have had every vaccination & im ok",0,
71,2017-11-30 04:41:27,neverjanedoe,Meningitis or losing toes?,0,
72,2017-11-30 04:36:14,AmherstWire,An outbreak has been declared after two cases of meningitis B were diagnosed within 19 days of each other on the @UMassAmherst campus. @UMassUHS to hold large-scale vaccination clinics to keep students safe. https:// amherstwire.com/22291/campus/m eningitis-b-outbreak-declared-umass-uhs-to-hold-vaccination-clinics/ …,2,
73,2017-11-30 04:35:28,GBSSupport,Up to 35% of #groupBStrep infections are late-onset (7+ days) as sepsis/ meningitis . Key warning signs http:// ow.ly/EcROt #WiseUp pic.twitter.com/vC76Be0dkP,11,
74,2017-11-30 04:34:15,Gate_15_Analyst,UMass Amherst Just Declared a Meningitis Outbreak. Here’s What to Know via @time http:// time.com/5041303/umass- amherst-meningitis-outbreak/ …,0,
75,2017-11-30 04:30:02,watchingeye,"MASSACHUSETTS :: UMass Amherst preparing to vaccinate students after meningitis outbreak declared ""CDC testing... http:// fb.me/2vOUygjuR",0,
76,2017-11-30 04:29:02,LowellSunNews,UMass Amherst declares meningitis outbreak http:// dpo.st/2imag96,6,
77,2017-11-30 04:12:13,Deoliver47,Meningitis outbreak on UMass Amherst campus - https://www. youtube.com/watch?v=jXsDmh wqdM4 …,1,
78,2017-11-30 04:10:04,DokterNews,"Meningitis bisa dicegah dengan vaksinasi. Cegah penyakitnya, jangan hindari vaksinnya. #infokes",0,
79,2017-11-30 04:10:01,CincyKidsRad,One of our favorite posters re:pediatric infections. Poster P009-EB-X shares this example of coccidioidomycosis meningitis #RSNA17 pic.twitter.com/ZmpUnWQDZf,4,
80,2017-11-30 04:05:35,prepperbot,UMass Amherst preparing to vaccinate students after meningitis outbreak declared #outbreaks #alerts http:// dlvr.it/Q3W0gf,1,
81,2017-11-30 04:01:26,MIDIRS,An eToolkit has been launched by the Meningitis Research Foundation (MRF) to assist with the improvement of diagnosing and managing bacterial meningitis in infants. Read more here: http:// ow.ly/q4a330gPUBS #midwives pic.twitter.com/K4eq7AhDdG,1,
82,2017-11-30 03:57:33,_SarcasticSimon,"“Oh no we don’t want you to hurt your neck, you might think you have meningitis ”",0,
83,2017-11-30 03:53:12,mike_truman,Meningitis outbreak declared at UMass Amherst http:// click.serpcom.com/Q3Vw37 pic.twitter.com/RXH9HVuowI,0,
84,2017-11-30 03:53:05,Rcdonaya,UMass Amherst Just Declared a Meningitis Outbreak. Here’s What to Know http:// dlvr.it/Q3VvT5 pic.twitter.com/OQSG1H1aha,0,
85,2017-11-30 03:52:52,omfg0riginal,"I can guarantee they didn’t die from the meningitis , they died from the medical “treatment” of it because doctors don’t understand what it is. Clean the lymphatic system up, detox the body. That is how you deal with these “dis-eases”",0,
86,2017-11-30 03:52:04,kayleighqueue,A thing I regularly tell myself to cheer up is “if it was meningitis you’d probably be dead already”,0,
87,2017-11-30 03:49:32,TSWHITLOW,"UMASS' 4 day clinic for meningitis vaccinations will be held at the Cap Code Lounge in the Student Union building Thurs, Fri, Mon & Tues 12 - 6pm. Any student under 25 should consider beng vaccinated. According to UMASS emergency management director whole process is about 10mns pic.twitter.com/Ez2nzMlu8f",0,
88,2017-11-30 03:49:05,Andy_Burton,'All parents should know the symptoms' says mum of meningitis victim Harvey Phillips http:// dlvr.it/Q3VtZy,0,
89,2017-11-30 03:47:22,outbreaksnews,UMass Amherst Just Declared a Meningitis Outbreak. Here's What to Know - TIME - http:// outbreak.info/umass-amherst- just-declared-a-mening … ...,0,
90,2017-11-30 03:44:10,TSWHITLOW,"Meningitis outbreak declared at UMASS Amherst. The University now preparing to vaccinate thousands of students, by setting up a 4 day vaccination clinic on campus. Hear my full story on air & online http://WWLP.com?utm_medium=social&utm_source=twitter_TSWHITLOW WWLP.com/?utm_medium=so … pic.twitter.com/wgqNBSzMQU",0,
91,2017-11-30 03:42:40,FengmeiZhao,UMass Amherst Just Declared a Meningitis Outbreak. Here's What to Know - TIME https:// apple.news/Amsf8XSOZSIu8j -GmJDz7NQ …,0,
92,2017-11-30 03:42:28,nagato198,Some more people at my old college have died from meningitis I'm sorry but how dumb can you be to not give your baby a FREE vaccination,0,
93,2017-11-30 03:41:24,usvaxnews,"Colleges, universities must take proactive measures to protect from Meningitis B (Guest viewpoint) http:// zpr.io/nqfnY",0,
94,2017-11-30 03:40:33,delgelis,"Mucho cuidado con ésto! #Bexsero es un fármaco (vacuna de meningitis tipo B) que se dispensa con previa prescripción facultativa, además que es ILEGAL ya que no es especialidad farmacéutica publicitaria #EFP Un poquito de control con estas cositas, por favor!! @COFValladolid pic.twitter.com/RoJePFMf6R",0,
95,2017-11-30 03:40:13,VaccineFinder,UMass Amherst Officially Declares A #Meningitis Outbreak - @NEPRnet http:// ow.ly/sX3E30gT92m,0,
96,2017-11-30 03:38:11,SimplyAfterDark,"How CBD Oil May Help Lyme Disease, Strep Throat, & Meningitis - Energy Medicine Practitioner http:// mishaalmira.com/cbd-oil-may-he lp-lyme-disease-strep-throat-meningitis/ …",0,
97,2017-11-30 03:36:27,M_R_F,Incredibly brave families shared their stories with @Jeremy_Hunt and it sparked action - see what he had to say http://www. meningitis.org/news/families- stories-spark-action-from-jeremy-hunt … #menB #meningitis pic.twitter.com/KzgnTa4EzQ,5,
98,2017-11-30 03:35:46,omnipopmag,Just Pinned to OMNIPOP PINS: New top story from Time: Jamie DucharmeUMass Amherst Just Declared a Meningitis Outbreak. Heres What to Know http:// time.com/5041303/umass- amherst-meningitis-outbreak/ … | Visit http://www. omnipopmag.com/main For More!!! #Omnipop #Omnipopmag https://www. pinterest.com/pin/6443666591 57794075 … pic.twitter.com/7P17XMzxFs,0,
99,2017-11-30 03:30:46,PaulBurrowsy,"Having lost Eve to Meningitis (albeit a different strain), this is hugely important. We paid a lot for private jabs for our daughters, but it should be free to all high risk demographics, especially those who can’t afford to go private https:// twitter.com/m_r_f/status/9 35808455696375808 …",3,
100,2017-11-30 03:26:46,dog884,"Unvaccinated middle-income-to-higher-income students at the University of Massachusetts, Amherst, are the cause of the meningitis outbreak; the pattern has occurred all over the nation.",0,
101,2017-11-30 03:25:26,vilesIIaexend,meningitis ? ooo,0,
102,2017-11-30 03:24:23,VacusaludCA,"Nos quedan pocas dosis de la meningococo, la vacuna con la cual previene la meningitis que puede ser mortal. Consulta precios: 02123648349 y 04241544755 #Vacusalud",0,
103,2017-11-30 03:23:22,vinny2xxg,Now is your Organisation about DS or is it about Meningitis and Autisum?,0,
104,2017-11-30 03:22:49,mattispossum,Menges. Makes you wish you had Meningitis .,0,
105,2017-11-30 03:20:22,ClarissaWindham,UMass Amherst Just Declared a Meningitis Outbreak. Here’s What to Know http:// twib.in/l/p5dx8zqGpqoE pic.twitter.com/1shaOuWWRF,0,
106,2017-11-30 03:18:39,ToningTony,UMass Amherst Just Declared a Meningitis Outbreak. Here’s What to Know http:// time.com/5041303/umass- amherst-meningitis-outbreak/ … #Health #Networkmarketing pic.twitter.com/BkhqVIhm2T,0,
107,2017-11-30 03:18:38,ToningTony,UMass Amherst Just Declared a Meningitis Outbreak. Here’s What to Know #Health #Networkmarketing ... http:// fb.me/5TiEoRlNU,0,
108,2017-11-30 03:17:05,SocialLifeMiami,UMass Amherst just declared a meningitis outbreak. Here's what you should know http:// ti.me/2i4dOJ7,0,
109,2017-11-30 03:16:19,SocialnnOpinion,Meningitis vaccines are out there and they are IMPORTANT! #VaccinesWork https:// twitter.com/TIME/status/93 5933133190549505 …,0,
110,2017-11-30 03:15:49,DrCsHealthBlurb,Healthzone: UMass Amherst Just Declared a Meningitis Outbreak. Here’s What to Know http:// ht.ly/lMrG50fryQN,0,
111,2017-11-30 03:15:38,DivineforHealth,Health: UMass Amherst Just Declared a Meningitis Outbreak. Here’s What to Know http:// ti.me/2Am4Lyk,1,
112,2017-11-30 03:14:29,aolblog,UMass Amherst Just Declared a Meningitis Outbreak. Here’s What to Know http:// kenyawebsite.com/royalehealthfi tness/umass-amherst-just-declared-a-meningitis-outbreak-heres-what-to-know/ … pic.twitter.com/84peXYl1QG,0,
113,2017-11-30 03:14:06,serene_ie,UMass Amherst Just Declared a Meningitis Outbreak. Here’s What to Know http:// dlvr.it/Q3VcMn #Uncategorized #Disease #healthytime pic.twitter.com/vFb24O6VzF,0,
114,2017-11-30 03:13:40,mediat_health,UMass Amherst Just Declared a Meningitis Outbreak. Here's What to Know: - UMass Amherst Just Declared a… https:// goo.gl/fb/m88pWh #Health US,0,
115,2017-11-30 03:11:33,anal0gr,UMass Amherst Just Declared a Meningitis Outbreak. Here’s What to Know http:// ift.tt/2j2mroq,0,
116,2017-11-30 03:11:19,nakhon224,"""UMass Amherst Just Declared a Meningitis Outbreak. Here’s What to Know"" http:// ift.tt/2j2mroq #Time",0,
117,2017-11-30 03:11:17,Kristina_How,Read about UMass Amherst Just Declared a Meningitis Outbreak. Here’s What to Know on http:// time.com !!!,0,
118,2017-11-30 03:11:16,info91810276,UMass Amherst Just Declared a Meningitis Outbreak. Here’s What to Know http:// dlvr.it/Q3VcXY pic.twitter.com/QzutZu8NaH,0,
119,2017-11-30 03:11:15,BeautifulCAzone,UMass Amherst Just Declared a Meningitis Outbreak. Here’s What to Know http:// dlvr.it/Q3VccH #health pic.twitter.com/vRF8D9WnXL,0,
120,2017-11-30 03:11:07,michaelrosa1979,UMass Amherst Just Declared a Meningitis Outbreak. Here's What to Know #Health http:// ift.tt/2j2mroq,0,
121,2017-11-30 03:11:03,thaitvnews,UMass Amherst Just Declared a Meningitis Outbreak. Here’s What to Know http:// ift.tt/2j2mroq,0,
122,2017-11-30 03:10:07,DavidJones_now,via @TIME : UMass Amherst Just Declared a Meningitis Outbreak. Here’s What to Know http:// dlvr.it/Q3VbLJ pic.twitter.com/NWPEi0DNBW,0,
123,2017-11-30 03:09:36,DreamPath_GA,UMass Amherst Just Declared a Meningitis Outbreak. Here’s What to Know http:// ift.tt/2j2mroq,0,
124,2017-11-30 03:09:36,PaginaNuova,TIME HEALTH - UMass Amherst Just Declared a Meningitis Outbreak. Here’s What to Know http:// ift.tt/2j2mroq #PaginaNuova #Press,0,
125,2017-11-30 03:09:04,PaginaNuova,TIME TOP STORIES - UMass Amherst Just Declared a Meningitis Outbreak. Here’s What to Know http:// ift.tt/2j2mroq #PaginaNuova #Press,0,
126,2017-11-30 03:08:45,Wellness_Plow,UMass Amherst Just Declared a Meningitis Outbreak https://www. plow.io/post/umass-amh erst-just-declared-a-meningitis-outbreak?utm_source=Twitter&utm_campaign=Wellness … +1 YogaBot #Wellness,0,
127,2017-11-30 03:08:44,Health_Plow,UMass Amherst Just Declared a Meningitis Outbreak https://www. plow.io/post/umass-amh erst-just-declared-a-meningitis-outbreak?utm_source=Twitter&utm_campaign=Health … +1 YogaBot #Health,0,
128,2017-11-30 03:08:41,the__himanish,TIME: UMass Amherst just declared a meningitis outbreak. Here's what you should know http:// ti.me/2i4dOJ7,0,
129,2017-11-30 03:08:19,mirogeorgiev97,UMass Amherst Just Declared a Meningitis Outbreak. Here’s What to Know http:// time.com/5041303/umass- amherst-meningitis-outbreak/ … via @TIME,0,
130,2017-11-30 03:08:05,lucchaoui,"New top story from Time: http:// ift.tt/2j2mroq The University of Massachusetts Amherst has declared a meningitis outbreak on campus, after two students tested positive for the same strain of meningococcal disease, a type of bacterial infection known as meningitis when it in…",0,
131,2017-11-30 03:07:47,PrivateTeacher,"RT TIME ""UMass Amherst just declared a meningitis outbreak. Here's what you should know http:// ti.me/2i4dOJ7 """,0,
132,2017-11-30 03:07:02,TIME,UMass Amherst just declared a meningitis outbreak. Here's what you should know http:// ti.me/2i4dOJ7,59,
133,2017-11-30 03:05:39,bridlesnbits,My sister took her to one of the best vets in our area and they think the kitty has meningitis . We have a nearly 12 year old dog and a 13 week old puppy that have been living in the house together and was told Dollie (old dog) was throwing up last night,0,
134,2017-11-30 02:56:23,KtSundt,Ever since a news story broke about a 2 week old who died of meningitis from being kissed on the lips by an... http:// fb.me/BG6gucku,0,
135,2017-11-30 02:37:11,doctorkiran,Meningitis could be behind mystery illness in Liberia http:// crwd.fr/2q6YOPz pic.twitter.com/dqFdSyMFpG,0,
136,2017-11-30 02:33:55,UMAnursing,"We know many of our nurses are volunteering to administer vaccines, but be sure to get your own vaccination! All UMass Amherst undergrads are strongly encouraged to get a Meningitis B vaccine at one of four walk-in clinics beginning Nov. 30. Info: http:// umass.edu/meningitis pic.twitter.com/iTe5bMQlV9",2,
137,2017-11-30 02:33:03,Miaa310,"After all this fuss, I’m finially getting tested for meningitis always. trust. your. Instincts :)",0,
138,2017-11-30 02:30:46,Epilepsywarrior,EPILEPSY FAQ Does meningitis cause epilepsy? Meningitis can cause epilepsy if it injures the brain but does not always cause epilepsy.,2,
139,2017-11-30 02:30:22,MedicalLabMLO,"MLO November 29, 2017 newsletter: Biotin interference with lab tests, HIV being diagnosed sooner after infection, Massive meningitis inoculation clinics opened, Utah's hepatitis A outbreak grows, 900 vaccines given may be ineffective https://www. mlo-online.com/Labline/201711 /29/toc.htm …",0,
140,2017-11-30 02:25:10,SBS_UMass,"All UMass Amherst undergrads living on- and off-campus and grad students who live on-campus are strongly encouraged to get a Meningitis B vaccine at one of four walk-in clinics beginning tomorrow, Nov. 30th at the Cape Cod Lounge. More info: http:// umass.edu/meningitis pic.twitter.com/DxExDnZ11K",2,
141,2017-11-30 02:24:43,NMAtweets,"Sorcha was 11 when her mom, Janet, contracted bacterial meningitis and passed away. To fulfill a promise to her mother, Sorcha started a club at her school to spread awareness of meningitis . Watch Sorcha’s story: https:// youtu.be/IKZSlEVQ1zc",0,
142,2017-11-30 02:20:15,saltyspruce,"“I’ll tell you what I don’t want,” - @ThisSameShit “ Meningitis ?” - @egywl",1,
143,2017-11-30 02:18:07,UMassAmherst,"University Health Services strongly recommends that UMass Amherst undergrads living on- and off-campus and grad students who live on-campus get a Meningitis vaccine at walk-in clinics tomorrow, Dec.1, 4 and 5. Info: http:// umass.edu/meningitis pic.twitter.com/0HfQNpWHdb",10,
144,2017-11-30 02:18:07,EventsUMass,"University Health Services strongly recommends that UMass Amherst undergrads living on- and off-campus and grad students who live on-campus get a Meningitis vaccine at walk-in clinics tomorrow, Dec.1, 4 and 5. Info: http:// umass.edu/meningitis pic.twitter.com/w0Z9yHA5p2",2,
145,2017-11-30 02:12:35,adepojuhmd,Meningitis : Causes and Complications http:// safehealthlife.com/meningitis-cau ses-and-complications/ …,0,
146,2017-11-30 02:05:32,MilagroAguerre,"Para mí que ando en el campo cada tanto, este es un caso de meningitis irrecuperable. Pero no soy médica.",0,
147,2017-11-30 02:02:28,floopisamadman3,"My Spanish professor said she'd rather catch the meningitis outbreak than become a ""super-veggie"" (vegan) and i couldn't agree more",0,
148,2017-11-30 02:00:49,adepojuhmd,"Meningitis : Prevention, Diagnosis and Treatments http:// safehealthlife.com/meningitis-pre vention-and-treatments/ …",0,
149,2017-11-30 01:52:09,buckwriter,UMass Amherst announces meningitis outbreak on campus http://www. bostonglobe.com/metro/2017/11/ 28/umass-amherst-announces-meningitis-outbreak-campus/W1NmSFEprJHsR3JmTwbwdK/story.html?event=event25 … via @BostonGlobe,0,
150,2017-11-30 01:51:30,About_Kidneys,#Meningitis deaths families' vaccine bid http:// fb.me/3UVTZKPD0,0,
151,2017-11-30 01:42:06,Cristian_1511,Será por ello que te apodan Meningitis ? (Ataca a los niños),0,
152,2017-11-30 01:28:13,neverjanedoe,"So there's officially a meningitis outbreak at my university like if u google "" meningitis outbreak 2017"" my university will pop up",0,
153,2017-11-30 01:23:21,GBSSupport,"Most babies make a full recovery from GBS infection, altho up to 1/2 the survivors of GBS meningitis suffer long term problems. #WiseUp",0,
154,2017-11-30 01:18:02,Tribune_Health,UMass Amherst announces meningitis outbreak on campus - The Boston Globe http:// bit.ly/2zOiTkm,0,
155,2017-11-30 01:17:10,BitzHealth,UMass Amherst announces meningitis outbreak on campus - The Boston Globe http:// ift.tt/2zA1O9y,0,
156,2017-11-30 01:12:33,JanetKrahenbuhl,UMass Amherst announces meningitis outbreak on campus - The Boston Globe http:// ift.tt/2ii8mGt,0,
157,2017-11-30 00:54:13,takingCustody,December 27th. Boom4Good continues the fight against meningitis with its third edition @Campos Mini Stadium | @iam_Davido closes the year around the world with the 30 Billion World Tour Finale @Eko Hotel pic.twitter.com/PXHmdUGSPb,4,
158,2017-11-30 00:45:20,LyellBan,Bombshell: Total media blackout as two teenage girls die from meningitis even after getting vaccinated! https:// healingoracle.ch/2017/09/02/bom bshell-total-media-blackout-as-two-teenage-girls-die-from-meningitis-even-after-getting-vaccinated/ … via @_HealingOracle_,0,
159,2017-11-30 00:43:51,JanePlumb,I was delighted to be invited to present at the Meningitis Research Foundation​'s Meningitis & Septicaemia in Children & Adults Conference 2017 on early-onset #groupBStrep disease: insight from affected families. My slides are here: https:// lnkd.in/dGfk5A9 via SlideShare,0,
160,2017-11-30 00:39:00,BBCWiltshire,"The Swindon father of Isabel Gentry, who died from Meningitis B aged 16, has asked the Health Secretary to make a vaccine more widely available http:// bbc.in/2BwFUFp pic.twitter.com/1qlioQdlE1",0,
161,2017-11-30 00:29:11,_lakerssnation,I have the worst headache everrrr. I went to sleep with it and woke up with it. It reminds me of my headache I had when I had meningitis,0,
162,2017-11-30 00:27:39,DrFarrah_Ness,Cefipime a Fourth-generation cephalosporin Is not good choice for the treatment of MENINGITIS because it cannot cross the blood brain barrier #cefipime #meningitis,2,
163,2017-11-30 00:25:08,waldirm3h,Diagnóstico y Tratamiento Meningitis bacteriana aguda.pdf http:// fb.me/7ZMQE4lgV,0,
164,2017-11-30 00:23:02,alexlovelltv,The Health Secretary has apologised to two Bristol families who lost their children to Meningitis . I’ll be chatting to @BenBrownBBC on #AfternoonLive about it at 1630 @BBCNewsChannel .,1,
165,2017-11-30 00:20:14,healthmap,UMass Amherst Officially Declares A #Meningitis Outbreak - @NEPRnet http:// ow.ly/sX3E30gT92m,1,
166,2017-11-30 00:20:04,Immunize_USA,The stories of young people lost to #meningitis are always heartbreaking. #vaccinate http:// ow.ly/wIsd30gOoG7,0,
167,2017-11-30 00:09:40,heartwiltsnews,The families of #Bristol students who've died from Meningitis have met the Health Secretary to urge him to make the MenB vaccine available to ALL teenagers for free #HeartNews https:// twitter.com/MeningitisNow/ status/935879149268488192 …,1,
168,2017-11-30 00:09:40,HeartWestNews,The families of #Bristol students who've died from Meningitis have met the Health Secretary to urge him to make the MenB vaccine available to ALL teenagers for free #HeartNews https:// twitter.com/MeningitisNow/ status/935879149268488192 …,4,
169,2017-11-30 00:09:40,HeartGlosNews,The families of #Bristol students who've died from Meningitis have met the Health Secretary to urge him to make the MenB vaccine available to ALL teenagers for free #HeartNews https:// twitter.com/MeningitisNow/ status/935879149268488192 …,0,
170,2017-11-30 00:09:40,hayleygrainger,The families of #Bristol students who've died from Meningitis have met the Health Secretary to urge him to make the MenB vaccine available to ALL teenagers for free #HeartNews https:// twitter.com/MeningitisNow/ status/935879149268488192 …,1,
171,2017-11-30 00:08:53,Jazzyykins,Meanwhile at UMass peeps with meningitis are getting their toes amputated... BITCH I WANT OUTTA HERE THE FUCK,0,
172,2017-11-30 00:03:59,curriechs,Teenage Booster and Meningitis ACWY Vaccinations https:// goo.gl/fb/Aq8mgE,1,
173,2017-11-30 00:03:52,CRPMidTN,UMass schedules mass meningitis vaccination program https://www. boston.com/news/health/20 17/11/28/umass-schedules-mass-meningitis-vaccination-program?s_campaign=bcom%3Asocialflow%3Atwitter …,0,
174,2017-11-30 00:02:01,michaelrosa1979,UMass Amherst announces meningitis outbreak on campus #Health http:// ift.tt/2Ae58uy,0,
175,2017-11-29 23:59:33,BlameOxytocin,Permanent Central Diabetes Insipidus as a Complication of S. pneumoniae Meningitis in the Pediatric Population. http:// dlvr.it/Q3T5L7,0,
176,2017-11-29 23:51:13,M_R_F,"This morning, we met with @Jeremy_Hunt , who apologised to families affected by meningitis for the failings that they had endured. We're so proud of the families who came with us today for telling him their stories, so that no other family has to go through what they have. pic.twitter.com/bksfPfVXco",15,
177,2017-11-29 23:49:57,Gripp3D_tweets,"14 year old Achmad from Syrian has paralysis on his left side due to bacterial meningitis , sadly… https://www. instagram.com/p/BcFUaVsHpdJ/",0,
178,2017-11-29 23:49:44,JuliaESMF2015,@Jeremy_Hunt please also count me in to any working party on Meningitis B http://www. emily.styles.muchloved.com,0,
179,2017-11-29 23:46:12,EagleTrib,UMass Amherst schedules mass meningitis vaccination program for students after outbreak of disease http://www. eagletribune.com/news/umass-amh erst-schedules-mass-meningitis-vaccination-program-for-students-after/article_d07d9330-d511-11e7-a298-6388d5e567fd.html#utm_campaign=blox&utm_source=twitter&utm_medium=social …,4,
180,2017-11-29 23:36:25,kitkat232455,Thank You @RepDianaDeGette #CHIP @SenCoryGardner @RepKenBuck @RepMikeCoffman @SenBennetCO I guess you LIKE pandemics... Scarlet Fever in UK. Meningitis in CA. https:// twitter.com/TheBeatWithAri /status/935865082436825089 …,0,
181,2017-11-29 23:36:08,elliebwick,"So not only am I dying with meningitis , i have now come on my period when im not even due on........ fantastic. i love my life xxxxx",0,
182,2017-11-29 23:33:42,hcomnews,UMass Amherst announces meningitis outbreak on campus http://www. bostonglobe.com/metro/2017/11/ 28/umass-amherst-announces-meningitis-outbreak-campus/W1NmSFEprJHsR3JmTwbwdK/story.html?event=event25 … via @BostonGlobe,0,
183,2017-11-29 23:33:32,Pechanfa,Baby dies of viral meningitis after deadly kiss @CNNI http:// cnn.it/2uzRVcg,0,
184,2017-11-29 23:32:31,MeningitisNow,"Families of George, Isabel & Layla, who were lost to #MenB - pleased with the outcome of their meeting with @Jeremy_Hunt - but conscious that this is only a start. We'll continue to support them in their fight. #westminster #meningitis pic.twitter.com/29SNl3bA4m",11,
185,2017-11-29 23:29:42,emonosson11,Vaccines for meningitis B: why it took so long https:// toxicevolution.wordpress.com/2017/11/29/vac cines-for-meningitis-b-why-it-took-so-long/ … pic.twitter.com/BkEyzwXO2e,0,
186,2017-11-29 23:22:57,ManUnorthodox,Beating cerebral meningitis .,0,
187,2017-11-29 23:20:47,MeningitisNow,We were honoured to support a group of bereaved families who met with @Jeremy_Hunt today. Huge thanks to @KerryMP & @JimfromOldham for making this happen. #MenB #meningitis #westminster pic.twitter.com/sw3escnPcI,9,
188,2017-11-29 23:13:08,MidwestSpineMN,When Neck Stiffness May Mean Meningitis http:// bit.ly/2jvduDD,0,
189,2017-11-29 23:12:58,MDCollegian,"Meningitis outbreak declared on campus, but there’s no greater risk than before the determination, says UHS. http:// bit.ly/2Buz9UK",0,
190,2017-11-29 23:12:47,puredailynews,UMass Amherst announces meningitis outbreak on campus https://www. puredailynews.com/umass-amherst- announces-meningitis-outbreak-on-campus/ …,0,
191,2017-11-29 23:05:20,itforcharities,Case study on @CharityDigiNews : How Meningitis Research Foundation provides lifesaving information faster with improved web hosting http:// ow.ly/7GKv30gT4La #nptech,0,
192,2017-11-29 23:03:49,PATHtweets,"By the end of 2016 – 6 years after its introduction – more than 260 million people in African countries affected by Meningitis A had been vaccinated with MenAfriVac, a vaccine developed by @WHO and PATH. https://www. biospectrumindia.com/news/57/9907/g lobal-vaccination-coverage-has-stalled-at-86-with-no-significant-changes-during-the-past-year-who.html …",4,
193,2017-11-29 22:57:32,MariaRuizMartin,"@sanidadgob Me pregunto, si a su vez se han hecho esta pregunta: ¿Deberíamos incluir todas las vacunas dentro del calendario para evitar el gasto de la hospitalización o que los ciudadanos sin recursos no puedan ponérsela y necesiten ingresar a sus hijos por meningitis /diarreas?",1,
194,2017-11-29 22:56:19,Spsanders1,UMass to vaccinate all undergraduates against meningitis ; CDC rules 2 diagnosed cases an 'outbreak' http://www. masslive.com/news/index.ssf /2017/11/umass_to_inoculate_the_undergr.html …,1,
195,2017-11-29 22:53:05,yescomputers,Two cases of meningitis B at UMass labeled an outbreak; university to hold mass-vaccination clinics https:// buff.ly/2AjwnDZ pic.twitter.com/JsTjNi5ht4,0,
196,2017-11-29 22:49:34,castingcallpro,"Online awareness film for Meningitis B, London #MandyNetwork http:// actors.mandy.com/uk/job/451439/ newjob/?utm_medium=twitter&utm_source=jobalert&utm_campaign=j451439d2017-11-29 …",0,
197,2017-11-29 22:45:58,1ClickRepeat,Ween - Spinal Meningitis - as played by an idiot (Amazing ↺RT ) http://www. 1clickrepeat.com/watch?v=bVutpr U2B-E …,0,
198,2017-11-29 22:39:13,KidneyMentor,BBC News - Meningitis B victims' families lobby for free NHS vaccine http://www. bbc.com/news/uk-englan d-bristol-42156479 …,2,
199,2017-11-29 22:34:01,COMOmeningitis,"The University of Massachusetts Amherst, USA, announced on Tuesday that there is an outbreak of #meningitis on campus after two students were diagnosed with #meningococcal disease - https:// buff.ly/2iiI5YL",0,
200,2017-11-29 22:32:59,stevensacks,STD/Elephantitis Syphilis Meningitis ?,0,
201,2017-11-29 22:28:15,overthehills99,"Kids will receive 5,000 mcg aluminum in vaccines @18 months, 5,250 more mcg if all boosters, HPV, meningitis etc. Super-high levels of toxic aluminum found in the brains of autistic patients: Al is present in many vaccines http://www. dcclothesline.com/2017/11/29/sup er-high-levels-of-toxic-aluminum-found-in-the-brains-of-autistic-patients-aluminum-is-present-in-many-vaccines/ … via @DCClothesline",23,
202,2017-11-29 22:18:34,katehopkins17,This is so sad. it's the same strain of meningitis that took our precious Jade she to was laughing and smiling 1... http:// fb.me/G84f4tVN,0,
203,2017-11-29 22:15:09,elperiodico_za,#lomasreciente 8 Síntomas de la meningitis que los padres no deberían pasar por alto http:// bit.ly/2Bo0qZ8,0,
204,2017-11-29 22:15:08,noticiero2020,#lomasreciente 8 Síntomas de la meningitis que los padres no deberían pasar por alto http:// bit.ly/2Bo0qZ8,0,
205,2017-11-29 22:10:26,GBSSupport,Group B Strep is most common cause of severe infection in newborns & meningitis in babies <3 months. Did you know that? #WiseUp #GBSaware,3,
206,2017-11-29 22:00:42,prattenberg_,► Cacher's Best Friend Teil 1: Die gemeine Zecke http:// brev.is/304D #geocaching #meningitis,0,
207,2017-11-29 22:00:02,Faciltechno,SÍNTOMAS DE LA MENINGITIS QUE LOS PADRES NO DEBERÍAN PASAR POR ALTO http:// fb.me/1Ag3m2g0F,0,
208,2017-11-29 21:48:35,BandsOfStrength,LAST DAY TO ENTER. £1 per entry to bandsofstrength@yahoo.com all money raised goes to Meningitis Now 3 chances... http:// fb.me/2jHAk5tnj,0,
209,2017-11-29 21:46:26,ErinTiernan,UMass Amherst has declared a meningitis outbreak and is vaccinating students. https:// twitter.com/wcvb/status/93 0692111535689729 …,0,
210,2017-11-29 21:44:46,gregoryakoch,Meningitis Coliseum? I somehow don’t think it’s called that.,0,
211,2017-11-29 21:43:12,UTAU_Cacilie,It's easy to mistake the early signs and symptoms of meningitis for the flu. So that flu could be a little more serious than you think.,0,
212,2017-11-29 21:34:19,Brisbane_Chiro,"Neck stiffness can be caused by ligaments, muscles... and meningitis ? http:// fb.me/1zdYtrt5T",0,
213,2017-11-29 21:30:17,gerardonoce,"Carli, te dejo, pero no te creas que has madurado cuándo sigues utilizando las mismas expresiones (machirulo, unga unga, ya me jodería) y tienes la capacidad argumentativa de una ameba con meningitis . Intelectualmente estás bajo mínimos. Ni para empezar tendría contigo. Besitos.",0,
214,2017-11-29 21:30:05,SpineHealth,"Neck stiffness can be caused by ligaments, muscles... and meningitis ? http:// fb.me/1zdYtrt5T",1,
215,2017-11-29 21:22:00,bbcrb,The families of two teenagers who died from #meningitis B are to lobby the health secretary @Jeremy_Hunt for free vaccines. http://www. bbc.co.uk/news/uk-englan d-bristol-42156479 …,3,
216,2017-11-29 21:21:08,LincolnRealtyMA,Meningitis vaccinations available Thursday 11/30-12/5 Stay safe everyone. @LivingatUMass @UMACCAmherst @UMassAmherst pic.twitter.com/SoV8PrqUBp,0,
217,2017-11-29 21:21:07,BitzHealth,UMass officials say they are ready for massive meningitis inoculation clinics after 'outbreak' declared - http:// MassLive.com http:// ift.tt/2zzaYTC,0,
218,2017-11-29 21:17:18,Tribune_Health,UMass officials say they are ready for massive meningitis inoculation clinics after 'outbreak' declared - http:// MassLive.com http:// bit.ly/2ihbgeu,0,
219,2017-11-29 21:15:35,NorthTexasRadio,Now playing #Ween - Spinal Meningitis (Got Me Down) on North Texas Radio,0,
220,2017-11-29 21:15:10,elperiodico_web,8 Síntomas de la meningitis que los padres no deberían pasar por alto http:// bit.ly/2Bo0sQK,0,
221,2017-11-29 21:14:31,apotekpeninggi,"Radang selaput otak ( meningitis ) dapat menyebabkan serangan epilepsi (sawan,ayan,dll)",0,
222,2017-11-29 21:10:37,northassoc,Other colleges respond to meningitis outbreak http://www. gazettenet.com/Colleges-respo nd-14022399 … via @dailyhampgaz,0,
223,2017-11-29 21:10:00,northassoc,Two cases of meningitis B at UMass labeled an outbreak; university to hold mass-vaccination clinics http://www. gazettenet.com/Meningitis-out break-14013255 … via @dailyhampgaz,0,
224,2017-11-29 21:02:50,banten_raya_tv,BAYI 10 BULAN IDAP GIZI BURUK DAN MENINGITIS : http:// youtu.be/LDA4EttNVpU?a melalui @YouTube,0,
225,2017-11-29 21:02:46,banten_raya_tv,I added a video to a @YouTube playlist http:// youtu.be/LDA4EttNVpU?a BAYI 10 BULAN IDAP GIZI BURUK DAN MENINGITIS,0,
226,2017-11-29 21:00:05,WMassNews,Hampshire College offering meningitis vaccine: http://www. westernmassnews.com/story/36949456 /hampshire-college-offering-meningitis-vaccine … pic.twitter.com/Ga6Oc4AWPa,0,
227,2017-11-29 20:54:04,KaitLouiseWalsh,"UMass Amherst has declared a ""state of emergency"" after it was discovered that the two cases of meningitis were linked by the same strain. Classes aren't canceled - but students are encouraged to get immunized.",1,
228,2017-11-29 20:51:48,BBCBristol,"Bristol students George Zographou and Isabel Gentry, both died from meningitis . These are are the symptoms to look out for: http:// bbc.in/2BwFUFp pic.twitter.com/YpvdyRSYfF",3,
229,2017-11-29 20:43:43,usvaxnews,Hampshire College offering meningitis vaccine http:// zpr.io/nqt7e,0,
230,2017-11-29 20:12:02,bbcouch,Meningitis B victims' families lobby for free NHS vaccine http:// bbc.in/2juy8no pic.twitter.com/aY6jPKMR4R,9,
231,2017-11-29 20:06:20,frostmag,Retro Post: Meningitis By Dr Patricia Thompson http://www. frostmagazine.com/?p=37812,1,
232,2017-11-29 20:03:55,MalariaPapers,Cerebrospinal fluid markers to distinguish bacterial meningitis from cerebral malaria in children. http:// ift.tt/2Aj72KE,0,
233,2017-11-29 20:03:28,WesternMAnews,Hampshire College offering meningitis vaccine http://www. westernmassnews.com/story/36949456 /hampshire-college-offering-meningitis-vaccine …,0,
234,2017-11-29 20:02:00,MAStateToday,"UMass #Amherst announces #Meningitis #Outbreak on #Campus : http://www. mambolook.com/link/13946762 , http://www. mambolook.com/massachusetts/ meningitis/outbreak-of-meningitis … , http://www. mambolook.com/massachusetts , http://www. duniayote.com/massachusetts pic.twitter.com/mAu01h0qIV",0,
235,2017-11-29 20:01:45,holly_taggart,"I am a person who is sensitive to thimerosal. Despite this, I've been fully vaccinated, plus yellow fever, meningitis , and rabies for over a decade.",0,
236,2017-11-29 19:57:25,JanetKrahenbuhl,UMass Amherst announces meningitis outbreak on campus - The Boston Globe http:// ift.tt/2zz14Bq,0,
237,2017-11-29 19:57:04,Tribune_Health,UMass Amherst announces meningitis outbreak on campus - The Boston Globe http:// bit.ly/2k6Plar,0,
238,2017-11-29 19:50:00,VicWBZ,UMass schedules mass meningitis vaccination program. http:// bit.ly/2nch4Yx,0,
239,2017-11-29 19:50:00,wbznewsradio,UMass schedules mass meningitis vaccination program. http:// bit.ly/2nch4Yx,1,
240,2017-11-29 19:47:14,girlstalklof,I'm stopping meningitis in its tracks. Help me. @everydayherouk #everythingcounts https:// kent-kili-2018.everydayhero.com/uk/shamica-sta nley …,0,
241,2017-11-29 19:44:15,ilvchronicle,This Holiday Season Talk to Your Doctor about Meningitis Vaccination http:// ift.tt/2AiyE2n,0,
242,2017-11-29 19:43:53,itvwestcountry,"The families of two teenagers from Bristol, who died from meningitis within 18 months of each other, are to meet the Health Secretary Jeremy Hunt today. http://www. itv.com/news/westcount ry/update/2017-11-29/bereaved-families-to-meet-health-secretary/ … pic.twitter.com/SMb2hjY0Pw",7,
243,2017-11-29 19:29:20,bbcpointswest,"The families of two Bristol teenagers, who died after contracting meningitis B, are meeting Health Secretary, Jeremy Hunt, today to discuss the availability of vaccines http:// bbc.in/2i2zTIp pic.twitter.com/KigqmyLHC3",5,
244,2017-11-29 19:29:05,bostonherald,UMass urges all students in undergrad housing get meningitis vaccine http:// bhne.ws/JW2fRFA,1,
245,2017-11-29 19:20:13,HealthNewsBit,"UMass #Amherst announces #Meningitis #Outbreak on #Campus : http://www. mambolook.com/link/13946762 , http://www. mambolook.com/meningitis/out break-of-meningitis … pic.twitter.com/HPYgG47KYV",0,
246,2017-11-29 19:09:56,kitkat232455,@SenCoryGardner @RepKenBuck @RepMikeCoffman @SenBennetCO #CHIP has expired & you don't CARE? Scarlet Fever is in UK. Spinal Meningitis is in California. So...you LIKE epidemics/pandemics? #MAGA ! https:// twitter.com/RepJoeKennedy/ status/935515326669877248 …,0,
247,2017-11-29 19:05:39,Articlefifty50,The health service is trying to oversell vaccines it has no proof works - pumping babies with chemicals several times over who are less than a year old. Meningitis is the latest scare craze.,0,
248,2017-11-29 18:51:58,amersameer,Basic Review Of Bacterial Meningitis pic.twitter.com/MpLamqEYBJ,1,
249,2017-11-29 18:51:36,M_R_F,"We don't believe the government's response to the MenB meningitis petition has been sufficient. So today, we, @MeningitisNow , & families who have been directly impacted by MenB are meeting with @Jeremy_Hunt to express our concerns. More info here: https://www. meningitis.org/news/families- and-meningitis-charities-meet-jeremy-hunt …",7,
250,2017-11-29 18:45:54,BBCBristol,"The families of two Bristol teenagers, who died after contracting meningitis B, are meeting Health Secretary Jeremy Hunt, today to discuss the availability of vaccines. http:// bbc.in/2i2zTIp pic.twitter.com/RZoXeGgV5M",26,
251,2017-11-29 18:43:13,Labcold,Meningitis B victims' families lobby for free NHS vaccine http://www. bbc.co.uk/news/uk-englan d-bristol-42156479 …,0,
252,2017-11-29 18:31:15,MilaandPheebs,"Happy hump day everyone!! As you probably know, Mr M&P has had meningitis but is back to his… https://www. instagram.com/p/BcEv8YNBtaV/",0,
253,2017-11-29 18:30:40,time_meningitis,This Saturday we are going to film an interview with a meningitis survivor and @MeningitisNow ambassador @Jemma94x . Video will be out before Christmas!!,1,
254,2017-11-29 18:19:31,mrlawsolicitors,BBC News - Meningitis B victims' families lobby for free NHS vaccine http://www. bbc.co.uk/news/uk-englan d-bristol-42156479 …,0,
255,2017-11-29 18:19:26,MrIkechi,"You can't kill other Africans on SA in the name of #Xenophobia , kill your citizens for #IPOB , leave them to die of meningitis , shoot at them for stopping you from a 3rd tenure,... Then expect foreigners not to take the bold step to establish what already exist #Slavery",0,
256,2017-11-29 18:15:07,elperiodico_za,#LMR 8 Síntomas de la meningitis que los padres no deberían pasar por alto http:// bit.ly/2Bo0qZ8,0,
257,2017-11-29 18:15:07,noticiero2020,#LMR 8 Síntomas de la meningitis que los padres no deberían pasar por alto http:// bit.ly/2Bo0qZ8,0,
258,2017-11-29 18:08:56,vilesIIaexend,meningitis,0,
259,2017-11-29 17:56:59,julesvdme,Meningitis B victims' families lobby for free NHS vaccine http://www. bbc.co.uk/news/uk-englan d-bristol-42156479 …,0,
260,2017-11-29 17:44:44,lazoithelife,"Dr. Rahul Handa, Consultant #Neurologisst in BLK Hospital, Delhi, Has good experience and expertise in #Headache , Brain Abscess, Multiple #Sclerosis , Tuberculous #Meningitis etc. To book an appointment with Dr. Rahul Handa, click on the link : https:// goo.gl/qmw2t2 pic.twitter.com/03hdFnvceO",0,
261,2017-11-29 17:43:51,Corconsultrx,A quick refresher on bacterial meningitis antibiotic therapy. #Pharmacy #meningitis #medicine pic.twitter.com/1zubPUja94,1,
262,2017-11-29 17:22:07,Boston_CP,UMass Amherst announces meningitis outbreak on campus http:// toplocalnow.com/us/boston/at/3 #t10377520 …,0,
263,2017-11-29 17:15:40,AnnamKavanagh,"Desperately sad cases, families doing important work to avoid similar outcomes for others @MeningitisNow BBC News - Meningitis B victims' families lobby for free NHS vaccine http://www. bbc.co.uk/news/uk-englan d-bristol-42156479 …",5,
264,2017-11-29 17:14:58,spencer_jte,Meningitis B victims' families lobby for free NHS vaccine http://www. bbc.co.uk/news/uk-englan d-bristol-42156479 …,1,
265,2017-11-29 17:11:16,MsaadKmovida15,UMass Amherst announces meningitis outbreak on campus http:// ift.tt/2BmoaMp,0,
266,2017-11-29 17:02:38,GayMediaCenter,Gay Media Center - NEWS: Update On Clusters Of Meningitis Cases In Gay Men In http://www. gaywebsource.com/gaypress/news- update-on-clusters-of-meningitis-cases-in-gay-men-in-europe/ … #Gay #LGBT #News,0,
267,2017-11-29 17:01:46,JamesRoy,BostonGlobe: UMass Amherst announces meningitis outbreak on campus http:// bos.gl/SHhp57z,0,
268,2017-11-29 17:01:06,BostonGlobe,UMass Amherst announces meningitis outbreak on campus http:// bos.gl/SHhp57z,5,
269,2017-11-29 16:57:15,ContinuumAEP,#AnalesDPediatria Encefalocele frontoetmoidal detectado tras meningitis causada por 2 microorganismos http:// ift.tt/2AhCEjM,1,
270,2017-11-29 16:34:00,yrm_82,Tenemos nueva vacuna de meningitis : Que no cunda el pánico http://www. luciamipediatra.com/nueva-vacuna-m eningitis-nimenrix/ … via @luciapediatra,0,
271,2017-11-29 16:26:59,Nigelb54,Petitions and Health Committees urge action on CEMIPP report ( meningitis B) - News from Parliament - UK Parliament http://www. parliament.uk/business/commi ttees/committees-a-z/commons-select/petitions-committee/news-parliament-2017/letter-to-government-to-urge-action-on-cemipp-report/ … via @UKParliament,1,
272,2017-11-29 16:26:10,vilesIIaexend,meningitis ? ooo,0,
273,2017-11-29 16:18:07,Charbrevolution,No they don't actually. Vaccines can cause meningitis . https:// twitter.com/Jim1810/status /935685647922278400 …,1,
274,2017-11-29 16:15:08,elperiodico_za,#+noticias 8 Síntomas de la meningitis que los padres no deberían pasar por alto http:// bit.ly/2Bo0qZ8,0,
275,2017-11-29 16:15:08,noticiero2020,#+noticias 8 Síntomas de la meningitis que los padres no deberían pasar por alto http:// bit.ly/2Bo0qZ8,0,
276,2017-11-29 16:04:40,entertaimentch1,Old meningitis B vaccine ‘may also protect against gonorrhoea’ http:// tomdoctor.com/old-meningitis -b-vaccine-may-also-protect-against-gonorrhoea.html …,0,
277,2017-11-29 16:02:15,UCIP_HNJ,Encefalocele frontoetmoidal detectado tras meningitis causada por 2 microorganismos http:// ift.tt/2AhCEjM,0,
278,2017-11-29 15:50:11,wilkerson316,Meningitis outbreak declared at UMass Amherst http:// fb.me/7XQSkSAQA,0,
279,2017-11-29 15:48:02,TastyAppetite,8 Symptoms of Meningitis That Every Parent Should Know About http:// fb.me/2lMsCTHQp,0,
280,2017-11-29 15:46:38,michaelrosa1979,Meningitis outbreak declared at UMass Amherst #Health http:// ift.tt/2BvEw69,0,
281,2017-11-29 15:43:16,UTAU_Cacilie,There's no way to know what kind of meningitis you or your child has without undergoing spinal fluid testing. Come here small child :),0,
282,2017-11-29 15:32:21,boston_informer,UMass urges all students in undergrad housing get meningitis vaccine https:// boston-informer.com/258315/umass-u rges-all-students-in-undergrad-housing-get-meningitis-vaccine/ …,0,
283,2017-11-29 15:23:18,LenguadeCalle_,"Especialista en neurología recomienda a la población estar alerta en caso de presentar estos síntomas, ya que podría tratarse de meningitis : http:// eluni.mx/Btm3Vj",0,
284,2017-11-29 15:14:55,btinjah,Turut berdukacita untuk tmn gue anak kostum yg MGKN mninggal krn sakit meningitis :(,0,
285,2017-11-29 15:07:51,raymondstaples_,Thankful UNH doesn’t have an outbreak of Meningitis,0,
286,2017-11-29 15:00:13,Tanya_Imunisasi,"Seseorang yang menderita meningitis awalnya akan mengalami gejala tidak enak, mual, demam, dan muntah - muntah. #IChooseToPrevent",0,
287,2017-11-29 14:54:45,tienspeninggi,"Orang yang terjangkit Meningitis (radang selaput otak) ada yang merasakan badannya selalu seperti posisi ""kayang""",0,
288,2017-11-29 14:53:11,Daza_Ch,Meningitis tiene mas etiologia que yo buscando causas para no estudiar,0,
289,2017-11-29 14:46:01,dr_kristo,"Beberapa vaksinasi yg diwajibkan di Amerika & Inggris adalah meningitis , HPV (vaksin kanker serviks), tetanus, DPT, hepatitis A dan B.",1,
290,2017-11-29 14:45:32,usvaxnews,UMass to provide Meningitis vaccine clinics in wake of outbreak http:// zpr.io/nq6Xe,0,
291,2017-11-29 14:39:16,revistasisomos,"Especialista en neurología recomienda a la población estar alerta en caso de presentar estos síntomas, ya que podría tratarse de meningitis : http:// eluni.mx/Btm3Vj",0,
292,2017-11-29 14:37:02,156desu2,【感染症】ムンプスD Deafness、D Didymitis精巣炎、O Oophoritis卵巣炎、P pancereatitis、P Palsy of facial nerve、A Amylase↑、M Meningitis 、In Inapparent infection,0,
293,2017-11-29 14:37:01,Jesus_ZaldivarE,Recomiendan extremar precauciones para evitar contagios de meningitis http://www. eluniversal.com.mx/nacion/socieda d/recomiendan-extremar-precauciones-para-evitar-contagios-de-meningitis#.Wh5HfJpnYMA.twitter …,0,
294,2017-11-29 14:35:45,Deluxians,Remember that time a few months ago where I'm 97% sure I had meningitis,0,
295,2017-11-29 14:35:00,El_Universal_Mx,"Especialista en neurología recomienda a la población estar alerta en caso de presentar estos síntomas, ya que podría tratarse de meningitis : http:// eluni.mx/Btm3Vj",25,
296,2017-11-29 14:34:03,AlidaVical,UMass Amherst announces meningitis outbreak on campus - The Boston Globe http:// dlvr.it/Q3PGjF,0,
297,2017-11-29 14:33:31,boston25,VIDEO: UMass schedules mass meningitis vaccination program https:// boston25.com/2jvG203,0,
298,2017-11-29 14:21:19,Garydeasley19,I liked a @YouTube video http:// youtu.be/ljk9RPkEyss?a Couple's Son Bounces Back From Meningitis | The Jeremy Kyle Show,0,
299,2017-11-29 14:19:30,meddefs,"meningitis : Blockage in or damage to the lymphatic systems, causing lymphatic fluid to build up in tissues, making them swell.",0,
300,2017-11-29 14:18:19,Gary4Freedom,RT @masslivenews : UMass officials say they are ready for massive meningitis inoculation clinics (cont) http:// tl.gd/no9k09,0,
301,2017-11-29 14:15:08,noticiero2020,#lomasreciente 8 Síntomas de la meningitis que los padres no deberían pasar por alto http:// bit.ly/2Bo0qZ8,0,
302,2017-11-29 14:10:03,Tanya_Imunisasi,"Apabila Anda tidak imunisasi meningitis sebelum berangkat studi di daerah rawan meningitis , Anda bisa menderita dampak penyakit ini. #IChooseToPrevent",0,
303,2017-11-29 13:57:24,_juanj0,Pronostico en meningitis bacteriana by @_juanj0 #infectiousdiseases #infectologia https://www. slideshare.net/jojo8987/prono stico-en-meningitis-bacteriana … vía @SlideShare,0,
304,2017-11-29 13:35:02,gesellaldia,CONFIRMARON UN CASO DE TUBERCULOSIS Y ESPERAN LA COMPROBACIÓN DE PRUEBAS DE UN POSIBLE CASO DE MENINGITIS http:// dlvr.it/Q3Nyx9,0,
305,2017-11-29 13:33:07,13millionplus,Spinal Meningitis Costume Ball.,0,
306,2017-11-29 13:21:58,eugz8,mas que con meningitis con Ursula Vargues!,0,
307,2017-11-29 13:21:55,TheUkBulletin,Meningitis B victims' families lobby for free NHS vaccine http:// theukbulletin.com/2017/11/29/men ingitis-b-victims-families-lobby-for-free-nhs-vaccine/ … pic.twitter.com/boMEPIOQGq,0,
308,2017-11-29 13:18:24,morgangrayx3,Girl comes into the lobby give me pizza and is crying about her ex boyfriend and then about meningitis because she “makes out with randos” god I love my job.,0,
309,2017-11-29 13:15:02,Bellafib,Here's a quick way to gain knowledge about back pain and meningitis http:// stopnfib.org/heres-a-quick- way-to-gain-knowledge-about-back-pain-and-meningitis/ …,0,
310,2017-11-29 13:14:03,anniemsullivan,Meningitis B victims' families lobby for free NHS vaccine: The families of two teenagers who died from meningitis B are to lobby the health secretary for free vaccines. The meeting with Jeremy Hunt comes… http:// dlvr.it/Q3Nsxj http://www. fhfusa.us / http://www. fhfusa.us,0,
311,2017-11-29 13:11:56,jeoncrack,so there’s a meningitis outbreak on my campus and i’m really out here too lazy to get a shot....this is me consciously risking death pic.twitter.com/UPj6X0t003,5,
312,2017-11-29 13:11:11,FamilyHealthTod,Meningitis B victims' families lobby for free NHS vaccine: The families of two teenagers who died from meningitis B are to lobby the health secretary for free vaccines. The meeting with Jeremy Hunt comes… http:// dlvr.it/Q3NsRs http://www. fhfusa.us / http://www. fhfusa.us,0,
313,2017-11-29 13:10:13,EINH1N1News,UMass Amherst preparing to vaccinate students after meningitis outbreak declared http:// s.einnews.com/EzVm7GqTt9,0,
314,2017-11-29 12:55:44,bimontenxgro,"12. apparently my brain (on MRI) looks like i’ve had meningitis . I haven’t, but a neurologist was real skeptical when I said that.",0,
315,2017-11-29 12:52:03,Haileyy_martell,who needs to be a VS model when your school got famous for a meningitis outbreak,0,
316,2017-11-29 12:49:20,nicmcfarlanee,"My high school friend Matt is currently in the ICU in England due to a meningitis infection https://www. gofundme.com/help-mom-suppo rt-her-son-in-icu … and whatever extra money his family help raise, they are giving back to the hospital he is staying at @cheerios @CheeriosUK !!!!!",0,
317,2017-11-29 12:44:54,AlfredoAlvarezz,Recomiendan extremar precauciones contra meningitis http:// fb.me/6kb3qKXeH,0,
318,2017-11-29 12:43:37,jenhopbauer,UMass schedules mass meningitis vaccinations; CDC declares outbreak | Boston Herald http://www. bostonherald.com/news/local_cov erage/2017/11/umass_schedules_mass_meningitis_vaccinations_cdc_declares_outbreak …,0,
319,2017-11-29 12:42:21,kathrynauward,"Meningitis comes up on my autocorrect now, thank you UMass",0,
320,2017-11-29 12:35:03,Healthhappys,UMass Amherst announces meningitis outbreak on campus - The Boston Globe http:// dlvr.it/Q3NhRm,0,
321,2017-11-29 12:15:36,bristoljournal,Meningitis B victims' families lobby for free NHS vaccine http:// ow.ly/FqGB50fqQ6g,0,
322,2017-11-29 12:10:02,masslivenews,UMass officials say they are ready for massive meningitis inoculation clinics after 'outbreak' declared https:// trib.al/rSAXjno,4,
323,2017-11-29 11:53:43,SaraJaneMaki,UMass officials say they are ready for massive meningitis inoculation clinics after 'outbreak' declared http://www. masslive.com/news/index.ssf /2017/11/umass_officials_say_they_are_r.html …,0,
324,2017-11-29 11:52:17,SeamanSusanSCT,Health alert: Meningitis outbreak declared at UMass Amherst http:// southcoasttoday.com/news/20171128/ meningitis-outbreak-declared-at-umass-amherst …,1,
325,2017-11-29 11:43:55,Kiss108,UMass has scheduled a mass meningitis vaccination program at its Amherst campus after two recent cases. http:// ihe.art/0iq02ej,0,
326,2017-11-29 11:41:46,usvaxnews,"UMass declares outbreak, told to hold meningitis vaccine clinics http:// zpr.io/nqncP",0,
327,2017-11-29 11:34:00,SJWOnTime,".@h_awkwardly contracted TB Meningitis in 2016, is rehabbing - let's help her start over! https:// candystick.co.za/c/starting-ove r-2018/ … #SocialJusticeOClock",0,
328,2017-11-29 11:30:01,PTVph,HEALTH IS WEALTH: Meningitis #BagongPilipinas https://www. youtube.com/watch?v=M77rSs qhVR8 …,0,
329,2017-11-29 11:27:07,AndyKreuzer,ICYMI: UMass officials say they are ready for massive meningitis inoculation clinics after 'outbreak' declared http:// dlvr.it/Q3NMM7,0,
330,2017-11-29 11:16:08,michaelrosa1979,UMass officials say they are ready for massive meningitis inoculation clinics after 'outbreak' declared #Health http:// ift.tt/2BlZO5s,0,
331,2017-11-29 11:15:02,madeofchalk,ufff duro. Yo tb primero la joda de la pericarditis y en el verano protrusión discal. Espero con ansias la meningitis o zika,0,
332,2017-11-29 11:15:00,dkegel,"He died of bacterial meningitis , didn't he? There's a chance the vaccine could have prevented that. So it's at least theoretically about vaccines. And the parents have not expressed remorse at avoiding mainstream care. See also https:// sciencebasedmedicine.org/ezekiel-stepha n-another-pediatric-death-by-world-view/ … https://www. vaccines.gov/diseases/menin gitis/index.html …",0,
333,2017-11-29 11:13:22,VoxPopuliNoti,"Recomiendan extremar precauciones contra meningitis : EL UNIVERSAL/VOX POPULI TAM CIUDAD DE MÉXICO Fiebre, convulsiones, somnolencia, confusión y rigidez de nuca son algunos síntomas de la meningitis , una enfermedad provocada por bacterias y virus o por… http:// dlvr.it/Q3NJF6 pic.twitter.com/NtdFtqxj2S",10,
334,2017-11-29 11:02:50,Childrensheal,Mass Meningitis Vaccination Program Scheduled at UMass Amherst - NECN http:// dlvr.it/Q3NF0t,0,
335,2017-11-29 11:01:05,WCVB,Meningitis outbreak declared at UMass Amherst http:// bit.ly/2zOm0c9 pic.twitter.com/9H8FMKymMz,5,
336,2017-11-29 10:54:42,MyiList_UK,MOVIE: Meningitis : A Shot of Hope for £4.49(SD) [25% off] or £5.49(HD) [21% off] https://www. myilist.com/m/gbL74H62 #movie,0,
337,2017-11-29 10:51:42,floggingkatie,/>1njjlo Ankl meningitis a a - Tweets from my baby,0,
338,2017-11-29 10:50:04,PublicHealthnew,Mass Meningitis Vaccination Program Scheduled at UMass Amherst - NECN http:// dlvr.it/Q3NB15,0,
339,2017-11-29 10:48:13,farmacialanucia,RT @ElMexicanOnline : #Entérate #Salud #Meningitis http://www. el-mexicano.com.mx/informacion/no ticias/1/48/salud/2017/11/28/1045053/resfriados-podrian-convertirse-en-meningitis …,0,
340,2017-11-29 10:46:17,Tribune_Health,Meningitis outbreak declared at UMass Amherst - WCVB Boston http:// bit.ly/2AeRBmD,0,
341,2017-11-29 10:46:07,BitzHealth,Meningitis outbreak declared at UMass Amherst - WCVB Boston http:// ift.tt/2AhbZmS,0,
342,2017-11-29 10:43:57,creynoldsnc,"The cutest ones are always the most expensive. This guy had two back surgeries, cancer and spinal meningitis . Good luck Meatball! pic.twitter.com/aXbtG8J4zm",0,
343,2017-11-29 10:42:12,ElMexicanOnline,#Entérate #Salud #Meningitis http://www. el-mexicano.com.mx/informacion/no ticias/1/48/salud/2017/11/28/1045053/resfriados-podrian-convertirse-en-meningitis …,0,
344,2017-11-29 10:41:05,usvaxnews,Meningitis outbreak declared at UMass Amberst http:// zpr.io/nqnCy,0,
345,2017-11-29 10:31:00,NEPRnet,UMass Amherst Officially Declares A Meningitis Outbreak http:// nepr.net/post/umass-amh erst-officially-declares-meningitis-outbreak … pic.twitter.com/3HRnqm2Uho,0,
346,2017-11-29 10:29:12,mikeapedia101,Mom lost a brother to Meningitis and now her other brother has Parkinson's.,0,
347,2017-11-29 10:28:56,doritmi,"Reread my comment. The child got a subunit vaccine, no live viruses. He died from viral meningitis , something caused by a live virus. It's misusing this tragedy to attribute it to #vaccines .",0,
348,2017-11-29 10:28:55,wzlx,UMass has scheduled a mass meningitis vaccination program at its Amherst campus after two recent cases. http:// ihe.art/6VqUUyj,0,
349,2017-11-29 10:27:08,digitaltvperu1,"[ #EntrevistasEnDigital ] Este miércoles 29 a las 11:00 a.m. estaremos junto a Paloma Pacheco Presidente de la ONG Una vida por Dakota, hablaremos todo sobre la Meningitis por Meningococo, ¡NO TE LO PIERDAS! Míralo Aquí https:// goo.gl/eQ7vFR Visita http:// Digitaltvperu.com pic.twitter.com/2UhBHglv5W",0,
350,2017-11-29 10:25:15,Cattlechildren,"rates of meningitis have not fallen since the various vaccines we give for them were introduced. Trauma or not, the vaccines are a waste of time.",0,
351,2017-11-29 10:24:05,JAMN945,UMass has scheduled a mass meningitis vaccination program at its Amherst campus after two recent cases. http:// ihe.art/XBulmCK,0,
352,2017-11-29 10:19:21,USMLEbot,"<インフルエンザ桿菌> ・haEMOPhilus: Epiglottis , Meningitis ,Otitis media ,Pneumonia ・チョコレート培地＋NAD＋ヘマチン ・治療はCTRX ・予防接種…カプセル抗原(ポリサッカライド)＋ジフテリア蛋白(免疫反応喚起)",0,
353,2017-11-29 10:17:45,noticiero2020,#LMR 8 Síntomas de la meningitis que los padres no deberían pasar por alto,0,
354,2017-11-29 10:17:37,elperiodico_za,#LMR 8 Síntomas de la meningitis que los padres no deberían pasar por alto,0,
355,2017-11-29 10:14:01,TSWHITLOW,UMass Amherst preparing to vaccinate students after meningitis outbreak declared http:// wwlp.com/2017/11/28/uma ss-amherst-preparing-to-vaccinate-students-after-meningitis-outbreak-declared/ …,1,
356,2017-11-29 10:12:00,AChromaticHeavn,Meningitis outbreak declared at UMass Amherst http://www. wcvb.com/article/mening itis-outbreak-declared-at-umass-amherst/13970497 …,0,
357,2017-11-29 10:10:03,DominicLambert,Meningitis B victims' families lobby for free NHS vaccine http:// dlvr.it/Q3MzRk,0,
358,2017-11-29 10:09:06,NOLAglamour,The symptoms of meningitis include headaches and high fever. Early treatment i ... #makeupporn #fashion #smile,0,
359,2017-11-29 10:06:31,gasfuel,UMass Schedules Mass Meningitis Vaccination Program http:// oil.fuelspace.com/2017/11/28/uma ss-schedules-mass-meningitis-vaccination-program/ …,0,
360,2017-11-29 09:59:03,jaizirmed,"Esta señora es peor que el vih, sida, gonorrea, sifilis, meningitis etcc....",0,
361,2017-11-29 09:53:12,RafaelGtrrz,Recomiendan extremar precauciones para evitar contagios de meningitis,0,
